IdAsistente;NomAsisitente;Email;Teléfono
1;Pablo Perez Calvo;pabloperezcalvo@gmail.com;664631819
2;Javier Salvador Guerrero;javiersalvadorguerrero@gmail.com;664686969
3;Siro Garcia Gonzalez;sirogarciagonzalez@gmail.com;664926080
4;Francisco Rios Vidal;franciscoriosvidal@gmail.com;664495694
5;Javier Gomez Donaire;javiergomezdonaire@gmail.com;664704518
6;Ana Garcia Gonzalez;anagarciagonzalez@gmail.com;664999102
7;Anabel Moreno Guerrero;anabelmorenoguerrero@gmail.com;664220483
8;David Manjon Cabezas;davidmanjoncabezas@gmail.com;664761249
9;Teresa Ruiz Jimenez;teresaruizjimenez@gmail.com;664601466
10;Victoria Rivera Lopez;victoriariveralopez@gmail.com;664838937
11;Noelia Castro Perez;noeliacastroperez@gmail.com;664816936
12;Manu Vulcan Gallego;manuvulcangallego@gmail.com;664906680
13;Alejandro Olozabal Calciz;alejandroolozabalcalciz@gmail.com;664799096
14;Alvaro Redondo Moreno;alvaroredondomoreno@gmail.com;664100422
15;Alvaro Del Rio Lopez;alvarodelriolopez@gmail.com;664806626
16;Pablo Carrillo Aragon;pablocarrilloaragon@gmail.com;664697755
17;Javier Sanchez Gallardo;javiersanchezgallardo@gmail.com;664807604
18;Joselu Barrera Miño;joselubarreramiño@gmail.com;664318146
19;Carlos Medina Vizcaino;carlosmedinavizcaino@gmail.com;664537228
20;Chris Ramos Perez;chrisramosperez@gmail.com;664245348
21;Ager Aketxe Calvo;ageraketxecalvo@gmail.com;664109508
22;Alberto Cifuentes Benitez;albertocifuentesbenitez@gmail.com;664640050
23;Sonia Cid Rosano;soniacidrosano@gmail.com;664756028
24;María Rodriguez Dominguez;maríarodriguezdominguez@gmail.com;664513362
25;Lucia Rodriguez Dominguez;luciarodriguezdominguez@gmail.com;664128055
26;Candela Torres Torres;candelatorrestorres@gmail.com;664928864
27;Eva Cifredo Sanchez;evacifredosanchez@gmail.com;664988497
28;Daniel Rodriguez Redondo;danielrodriguezredondo@gmail.com;664561751
29;Aridane Hernandez Fernandez;aridanehernandezfernandez@gmail.com;664531182
30;Alejandro Baena Lopez;alejandrobaenalopez@gmail.com;664811370
31;Alvaro Gracia Garcia;alvarograciagarcia@gmail.com;664353831
32;Araceli Calvo De la Cruz;aracelicalvodelacruz@gmail.com;664833570
33;Manuel Perez Linares;manuelperezlinares@gmail.com;664716686
34;Cristina Perez Calvo;cristinaperezcalvo@gmail.com;664843715
35;Juan Ruiz Sanchez;juanruizsanchez@gmail.com;664760780
36;Maria Quevedo Montes;mariaquevedomontes@gmail.com;664863655
37;Sergio Garcia Torres;sergiogarciatorres@gmail.com;664651224
38;Claudia Luna Sainz;claudialunasainz@gmail.com;664701232
39;Ana Rey Jimenez;anareyjimenez@gmail.com;664203480
40;Juan Parada Salvador;juanparadasalvador@gmail.com;664622154
